INSERT INTO tipo_entidad (codigo_tipo_entidad, nombre_tipo_entidad) VALUES (1, 'Laboratorio'),(2, 'Instituto');
INSERT INTO estado_auditoria (nombre_estado_auditoria) VALUES ('Iniciado'),('En proceso'),('Finalizado');
INSERT INTO tipo_usuario (nombre_tipo_usuario) VALUES ('Administrador'),('Coordinador'),('Operador'),('Lider Auditor'),('Auditor');
INSERT INTO normas_iso (codigo_norma_iso, nombre_norma_iso, descripcion_norma_iso, link_video, nombre_video) VALUES (1, 'ISO 9001', 'Establece los criterios para un sistema de gestión de la calidad.', 'https://link_a_video_iso_9001.com', 'Introducción a ISO 9001'),(2, 'ISO 17025', 'Proporciona un marco para la gestión ambiental en las organizaciones.', 'https://link_a_video_iso_14001.com', 'Introducción a ISO 14001'),(3, 'ISO 21001', 'Especifica los requisitos para un sistema de gestión de la salud y seguridad en el trabajo.', 'https://link_a_video_iso_45001.com', 'Introducción a ISO 45001');
INSERT INTO entidad (codigo_entidad, nombre_entidad, codigo_tipo_entidad) VALUES (1, 'Instituto de Investigación Geofísico de la UNSA', 2),(2, 'Instituto de Investigación de Desarrollo Hidrobiológico “Enrique Ávila Laguna” de la UNSA', 2),(3, 'Instituto de Investigaciones Sociales de la UNSA', 2),(4, 'Instituto de Investigación de Ciencia y Gestión Ambiental de la UNSA', 2),(5, 'Instituto de Investigación del Centro de Energías Renovables y Eficiencia Energética de la UNSA', 2),(6, 'Instituto de Investigación, Innovación y Desarrollo de las Ciencias de la Educación de la UNSA', 2),(7, 'Instituto de Investigación Astronómico y Aeroespacial “Pedro Paulet” de la UNSA', 2),(8, 'Instituto de Investigaciones NEXUS de la UNSA', 2),(9, 'Instituto Internacional de Investigación e Innovación en Minería Sostenible de la UNSA', 2),(10, 'Laboratorio Multi-Usuario de Física', 1),(11, 'Laboratorio de Investigación y Servicios con Equipos Espectroscópicos para la Determinación de Estructuras Químicas', 1),(12, 'Laboratorio de Investigación de Aceites y Grasas Comestibles', 1),(13, 'Laboratorio de Caracterización de Materiales de la Región Arequipa Mediante Resonancia Paramagnética Electrónica (EPR) y Difracción de Rayos X', 1),(14, 'Laboratorio de Tratamientos Térmicos', 1),(15, 'Laboratorio de Metalografía y Microscopia', 1),(16, 'Laboratorio de Investigación, Desarrollo Tecnológico e Innovación CIDETI-LABINVSERV para el Estudio de Microplásticos en la Cuenca del Rio Chili y su Evaluación de Riesgos Ambientales', 1),(17, 'Laboratorio de Preparación, Caracterización e Identificación de Nanomateriales (LAPCI-NANO)', 1),(18, 'Laboratorio de Fabricación y Caracterización de Materiales Nanoestructurados', 1),(19, 'Laboratorio de Electroquímica, Catálisis y Energías Renovables para el Desarrollo de Celdas de Combustible', 1),(20, 'Centro de Investigación, Transferencia de Tecnologías y Desarrollo de Software I+D+I, Impulsando la Creación de Grupos en Áreas: Computación Gráfica, Sistemas Cognitivos, Apps Móviles, Seguridad de la Información y Tecnologías Emergentes - CITESOFT', 1),(21, 'Laboratorio de Control de Procesos Complejos y Vehículos No Tripulados', 1),(22, 'Laboratorio de Modelado y Simulación para Estudios Urbanos y Gestión Urbano Ambiental-URBAN LAB', 1),(23, 'Laboratorio de Diseño y Fabricación Digital', 1),(24, 'Centro de Investigación y Desarrollo de Tecnologías Sustentables para la Agregación de Valor en Operaciones Unitarias de Ingeniería Química (Cid Tarina)', 1),(25, 'Laboratorio de Investigación en Contaminantes Emergentes (LICE)', 1),(26, 'Identificación y Monitoreo de Contaminantes que Afectan la Calidad de Recursos Productivos y la Producción Sostenible de Alimentos en la Región Arequipa', 1),(27, 'Análisis Fisiológico, Bioquímico y Molecular de Cultivos en Estrés Biótico y Abiótico en la Región Arequipa', 1),(28, 'Laboratorio para la Investigación de Isótopos Estables de C, N, O, H en la Evaluación y Monitoreo de Riesgos Ambientales en Suelos, Aguas y Plantas de la Región Arequipa', 1),(29, 'Investigación y Desarrollo en Metrología y Sistemas de Calibración en Energías Renovables y Ciencias Atmosféricas', 1),(30, 'Laboratorio C.I.C.A. para la Identificación y Caracterización de Contaminantes Atmosféricos: PM, HAPs, COVs, CO, NOx, SOx, y O3 en la Ciudad de Arequipa y Evaluación de la Calidad de Aire', 1),(31, 'Laboratorio de Preparación, Caracterización e Interpretación de Muestras Petro mineralógicas y Agregados', 1),(32, 'Laboratorio de Desgaste de Materiales y Análisis de Fallas', 1),(33, 'Laboratorio de Caracterización Funcional de Materiales de la UNSA', 1),(34, 'Laboratorio de Hidráulica: Mejoramiento de Tecnologías de Ingeniería Hidráulica y Servicios Ecosistémicos', 1),(35, 'Laboratorio de Recursos Genéticos y Genética Molecular', 1),(36, 'Laboratorio de Biología y Cultivo Celular', 1),(37, 'Laboratorio de Investigación en Biotecnología Ambiental, Biominería y Bioensayos Ecotoxicológicos', 1),(38, 'Laboratorio de Investigación de Microbiología Celular', 1),(39, 'Laboratorio de Neurociencia Cognitiva y Social: Investigación en Perfiles Neurofisiológicos, Neurocognitivos Evaluación de Salud Mental, Sociocultural y Atención a la Persona', 1);
INSERT INTO usuario (nombre, apellido_pat, apellido_mat, dni, correo_electronico, telefono, codigo_tipo_usuario, codigo_entidad, estado_uso) VALUES ('Jocar', 'Pérez', 'García', '12345678', 'jpjocar.6@gmail.com', '987654321', 1, 1, true),('Jose', 'López', 'Sánchez', '23456789', 'jo.car.pl.2001@gmail.com', '912345678', 2, 2, true),('Katherine', 'González', 'Hernández', '34567890', 'katherinemaytagrpc@gmail.com', '965432109', 5, 1, true),('Juan', 'Flores', 'Hernández', '34567890', 'juanluis951274@gmail.com', '965432109', 4, 1, true),('Lily', 'Flores', 'Hernández', '34567890', 'lilymhj1702@gmail.com', '965432109', 3, 1, true);
INSERT INTO items (nombre_item, codigo_norma_iso, estado_uso) VALUES ('Item de ISO 9001', 1, true),('Item de ISO 14001', 2, true),('Item de ISO 45001', 3, true);
INSERT INTO sub_items (nombre_sub_item, descripcion_sub_item, interpretacion_sub_item, codigo_item, estado_uso) VALUES ('Sub Item 1 de ISO 9001', 'Descripción detallada del sub ítem 1 relacionado con la norma ISO 9001.', 'Interpretación sobre cómo aplicar este sub ítem en la práctica.', 1, true),('Sub Item 2 de ISO 14001', 'Descripción detallada del sub ítem 2 relacionado con la norma ISO 14001.', 'Interpretación sobre la importancia de este sub ítem.', 2, true),('Sub Item 3 de ISO 45001', 'Descripción del sub ítem 3 que se relaciona con la gestión de seguridad en el trabajo.', 'Interpretación sobre cómo implementar mejoras en seguridad.', 3, true);
INSERT INTO tipo_link (tipo_link, link, codigo_sub_item) VALUES ('Tutorial ISO 9001', 'https://youtu.be/TEKS9R0nLEY?si=jMWVUV0jpbHLQPu0', 1),('Video ISO 14001', 'https://youtu.be/9BaZfBJnPg8?si=YIWxnw-JxJf7CG2I', 2),('Artículo sobre ISO 45001', 'https://revista.une.org/2/todo-lo-que-hay-que-saber-sobre-la-iso-45001.html', 3);
INSERT INTO ejemplos (nombre_ejemplo, codigo_sub_item) VALUES ('Ejemplo 1 de Sub Item 1', 1),('Ejemplo 2 de Sub Item 2', 2),('Ejemplo 3 de Sub Item 3', 3);
INSERT INTO documentos (nombre_documento, codigo_sub_item) VALUES ('Manual de Calidad ISO 9001', 1),('Guía de Implementación ISO 14001', 2),('Política de Seguridad ISO 45001', 3);
INSERT INTO imagenes (nombre_imagen, descripcion_imagen, codigo_norma_iso) VALUES ('Imagen ISO 9001', 'Diagrama que ilustra los principios de la norma ISO 9001.', 1),('Imagen ISO 14001', 'Gráfico que representa el ciclo de mejora continua en la gestión ambiental.', 2),('Imagen ISO 45001', 'Infografía sobre la gestión de la salud y seguridad en el trabajo.', 3);
INSERT INTO auditoria (nombre_auditoria, codigo_norma_iso, codigo_estado_auditoria, fecha_inicio, fecha_final, codigo_entidad, codigo_usuario) VALUES ('Auditoría de Calidad 2024', 1, 1, '2024-11-01', '2024-11-03', 1, 1),('Auditoría Ambiental 2024', 2, 2, '2024-11-05', '2024-11-07', 2, 2),('Auditoría de Seguridad 2024', 3, 1, '2024-11-10', '2024-11-12', 5, 1);
INSERT INTO procesos (nombre, descripcion, codigo_entidad, estado, comentario) VALUES ('Proceso de Calidad', 'Este proceso asegura que los estándares de calidad se cumplan en todos los productos.', 1, 'Sin enviar', NULL),('Proceso Ambiental', 'Este proceso se encarga de la gestión y cumplimiento de las normativas ambientales.', 1, 'En evaluación', NULL),('Proceso de Seguridad', 'Proceso enfocado en la identificación y mitigación de riesgos laborales.', 7, 'Aprobado', NULL),('Proceso de Mejora Continua', 'Este proceso busca optimizar y mejorar continuamente los procedimientos y productos.', 12, 'Desaprobado', NULL);
INSERT INTO micro_auditoria (codigo_auditoria, fecha_auditar, codigo_sub_item, codigo_proceso, codigo_usuario) VALUES (1, '2024-11-01 10:00:00', 1, 1, 1),(2, '2024-11-05 14:30:00', 2, 2, 2),(3, '2024-11-10 09:15:00', 3, 3, 3);
INSERT INTO interrogantes (nombre_interrogante, observacion_interrogante, codigo_micro_auditoria, estado) VALUES ('¿Se siguieron los procedimientos establecidos?', 'Sí, todos los procedimientos fueron seguidos correctamente.', 4, 'Cumple'),('¿Se encontraron desviaciones en el proceso?', 'No, no se encontraron desviaciones.', 5, 'No cumple'),('¿Se realizó la capacitación necesaria?', 'Sí, todos los empleados recibieron la capacitación correspondiente.', 6, 'Cumple');
INSERT INTO solicitud_auditoria (descripcion, fecha_solicitud_auditoria, estado_asignacion, codigo_usuario) VALUES ('Solicitud para auditoría de calidad interna', '2024-10-30 10:00:00', true, 1),('Solicitud para auditoría de cumplimiento ambiental', '2024-10-29 09:30:00', false, 2),('Solicitud para auditoría de seguridad en el trabajo', '2024-10-28 14:45:00', true, 2);